#{"t_start": 1751341936.4684315, "env_id": "MountainCar-v0"}
r,l,t
-200.0,200,0.098753
-200.0,200,0.196329
-200.0,200,0.309871
-200.0,200,0.408151
-200.0,200,0.529072
-200.0,200,0.807221
-200.0,200,1.094839
-200.0,200,1.392967
